Date,Content
2021-07-26,https://boxd.it/215NNL
2021-08-01,https://boxd.it/DpNoH
2021-08-01,https://boxd.it/1YJJ9Z
2021-09-27,https://boxd.it/2aaeYv
2022-01-02,https://boxd.it/2g1wx9
2022-01-05,https://boxd.it/2pUpCn
2022-01-08,https://boxd.it/2njCsN
2022-04-22,https://boxd.it/2Ma8CP
2022-06-27,https://boxd.it/2XQfo9
2022-06-27,https://boxd.it/cJBV7
2022-06-29,https://boxd.it/2YjCxV
2022-07-10,https://boxd.it/30p6Wf
2022-07-24,https://boxd.it/33jhNN
2022-07-24,https://boxd.it/2RIICp
2022-07-26,https://boxd.it/33iOqv
2022-08-16,https://boxd.it/38uPWV
2022-09-16,https://boxd.it/3efzNd
2022-11-21,https://boxd.it/1XOrej
2022-11-24,https://boxd.it/3rzdsT
2022-11-29,https://boxd.it/3t4VIx
2022-12-02,https://boxd.it/3tRoMT
2022-12-30,https://boxd.it/Ww6dV
2023-01-01,https://boxd.it/3CkxuJ
2023-01-12,https://boxd.it/3AY25l
2023-06-15,https://boxd.it/4l5lbv
2023-07-22,https://boxd.it/4ywYxL
2023-07-23,https://boxd.it/4yE07z
2023-07-23,https://boxd.it/4yy3d9
2023-08-14,https://boxd.it/4hHUTd
2023-08-14,https://boxd.it/4hI9jf
2023-09-13,https://boxd.it/4PDiFP
2023-09-17,https://boxd.it/3l8pG1
2023-09-17,https://boxd.it/4RjecR
2023-11-06,https://boxd.it/2SnON1
